k,batch_size,epoch,epoch_test_loss,grad_accum,params,test_ALA_f1_mean,test_ALA_f1_std,test_ALA_precision_mean,test_ALA_precision_std,test_ALA_recall_mean,test_ALA_recall_std,test_ARG_f1_mean,test_ARG_f1_std,test_ARG_precision_mean,test_ARG_precision_std,test_ARG_recall_mean,test_ARG_recall_std,test_ASN_f1_mean,test_ASN_f1_std,test_ASN_precision_mean,test_ASN_precision_std,test_ASN_recall_mean,test_ASN_recall_std,test_ASP_f1_mean,test_ASP_f1_std,test_ASP_precision_mean,test_ASP_precision_std,test_ASP_recall_mean,test_ASP_recall_std,test_CYS_f1_mean,test_CYS_f1_std,test_CYS_precision_mean,test_CYS_precision_std,test_CYS_recall_mean,test_CYS_recall_std,test_GLN_f1_mean,test_GLN_f1_std,test_GLN_precision_mean,test_GLN_precision_std,test_GLN_recall_mean,test_GLN_recall_std,test_GLU_f1_mean,test_GLU_f1_std,test_GLU_precision_mean,test_GLU_precision_std,test_GLU_recall_mean,test_GLU_recall_std,test_GLY_f1_mean,test_GLY_f1_std,test_GLY_precision_mean,test_GLY_precision_std,test_GLY_recall_mean,test_GLY_recall_std,test_HIS_f1_mean,test_HIS_f1_std,test_HIS_precision_mean,test_HIS_precision_std,test_HIS_recall_mean,test_HIS_recall_std,test_ILE_f1_mean,test_ILE_f1_std,test_ILE_precision_mean,test_ILE_precision_std,test_ILE_recall_mean,test_ILE_recall_std,test_LEU_f1_mean,test_LEU_f1_std,test_LEU_precision_mean,test_LEU_precision_std,test_LEU_recall_mean,test_LEU_recall_std,test_LYS_f1_mean,test_LYS_f1_std,test_LYS_precision_mean,test_LYS_precision_std,test_LYS_recall_mean,test_LYS_recall_std,test_MET_f1_mean,test_MET_f1_std,test_MET_precision_mean,test_MET_precision_std,test_MET_recall_mean,test_MET_recall_std,test_PHE_f1_mean,test_PHE_f1_std,test_PHE_precision_mean,test_PHE_precision_std,test_PHE_recall_mean,test_PHE_recall_std,test_PRO_f1_mean,test_PRO_f1_std,test_PRO_precision_mean,test_PRO_precision_std,test_PRO_recall_mean,test_PRO_recall_std,test_SER_f1_mean,test_SER_f1_std,test_SER_precision_mean,test_SER_precision_std,test_SER_recall_mean,test_SER_recall_std,test_THR_f1_mean,test_THR_f1_std,test_THR_precision_mean,test_THR_precision_std,test_THR_recall_mean,test_THR_recall_std,test_TRP_f1_mean,test_TRP_f1_std,test_TRP_precision_mean,test_TRP_precision_std,test_TRP_recall_mean,test_TRP_recall_std,test_TYR_f1_mean,test_TYR_f1_std,test_TYR_precision_mean,test_TYR_precision_std,test_TYR_recall_mean,test_TYR_recall_std,test_VAL_f1_mean,test_VAL_f1_std,test_VAL_precision_mean,test_VAL_precision_std,test_VAL_recall_mean,test_VAL_recall_std,test_perp_mean,test_perp_std,test_rmsd_mean,test_rmsd_std,test_top10_acc_mean,test_top10_acc_std,test_top1_acc_mean,test_top1_acc_std,test_top5_acc_mean,test_top5_acc_std
2,2,7,2.2769570788368583,1,4215782,0.2856857478618622,0.14791099727153778,0.2911047339439392,0.1741541028022766,0.3120502531528473,0.1762552708387375,0.08733228594064713,0.11332359164953232,0.12902812659740448,0.19504570960998535,0.07649450749158859,0.10543124377727509,0.13211901485919952,0.13264131546020508,0.17286038398742676,0.192711740732193,0.12444669753313065,0.14430756866931915,0.20978812873363495,0.15004071593284607,0.2798464596271515,0.2326752245426178,0.19088824093341827,0.15521231293678284,0.03965701907873154,0.14591090381145477,0.07499101012945175,0.2508929371833801,0.031595248728990555,0.12603724002838135,0.0,0.0,0.0,0.0,0.0,0.0,0.24480915069580078,0.1095910295844078,0.17308980226516724,0.08596624433994293,0.45936301350593567,0.19119586050510406,0.656954824924469,0.1749655306339264,0.6295501589775085,0.1940811425447464,0.7191171646118164,0.20034262537956238,0.016171609982848167,0.09105599671602249,0.04296875,0.19269675016403198,0.012016527354717255,0.08069472014904022,0.08486781269311905,0.12364166975021362,0.254464328289032,0.3460805118083954,0.055212970823049545,0.0934809148311615,0.36224260926246643,0.12494276463985443,0.28023800253868103,0.1183931976556778,0.5610605478286743,0.1875889152288437,0.12903274595737457,0.11151547729969025,0.13737456500530243,0.13576720654964447,0.14612235128879547,0.13609009981155396,0.07073486596345901,0.17984744906425476,0.1888020783662796,0.38935527205467224,0.050593022257089615,0.14830532670021057,0.15822143852710724,0.16401933133602142,0.1825653463602066,0.20492976903915405,0.15831895172595978,0.17512278258800507,0.5766173005104065,0.20125074684619904,0.49649322032928467,0.20811988413333893,0.7381394505500793,0.23479525744915009,0.16186770796775818,0.14674454927444458,0.2669247090816498,0.24006009101867676,0.13194938004016876,0.14385925233364105,0.0735064372420311,0.11525698751211166,0.22829727828502655,0.33800336718559265,0.04687453433871269,0.07901136577129364,0.0,0.0,0.0,0.0,0.0,0.0,0.12047330290079117,0.15551263093948364,0.15912850201129913,0.2236310839653015,0.11701180785894394,0.1723531186580658,0.2999468147754669,0.1502513736486435,0.2675735056400299,0.1631026566028595,0.3936839997768402,0.21209459006786346,9.855080604553223,1.5324671268463135,9.114763259887695,6.2429962158203125,0.8746790289878845,0.03733743354678154,0.28593429923057556,0.049459971487522125,0.6710941195487976,0.060415588319301605
3,2,7,2.222522657364607,1,4215782,0.2945672571659088,0.1447177529335022,0.26337409019470215,0.14977213740348816,0.3852580487728119,0.2049555629491806,0.12243479490280151,0.12059304863214493,0.13858555257320404,0.16204142570495605,0.13478361070156097,0.14838959276676178,0.12657922506332397,0.14235998690128326,0.20544452965259552,0.2468474805355072,0.10379951447248459,0.13280722498893738,0.23735396564006805,0.15188996493816376,0.27478888630867004,0.1948181539773941,0.2386651486158371,0.17904146015644073,0.055099960416555405,0.1664828211069107,0.09125100821256638,0.26488974690437317,0.046516407281160355,0.15421169996261597,0.0,0.0,0.0,0.0,0.0,0.0,0.24299275875091553,0.11650139093399048,0.1882319450378418,0.0994841456413269,0.3733959197998047,0.1771538406610489,0.6828567981719971,0.18757405877113342,0.6755259037017822,0.20698969066143036,0.7173588871955872,0.21014852821826935,0.02634025178849697,0.10859590768814087,0.0709635391831398,0.2530112862586975,0.017960505560040474,0.08322958648204803,0.2829921543598175,0.17103128135204315,0.3021300733089447,0.19586946070194244,0.2972840964794159,0.19893869757652283,0.37891140580177307,0.12886714935302734,0.3249942362308502,0.13395649194717407,0.49230146408081055,0.17637519538402557,0.16500619053840637,0.118311308324337,0.152415931224823,0.12722048163414001,0.2201206535100937,0.17900842428207397,0.11718390136957169,0.22359643876552582,0.2994791567325592,0.4557720720767975,0.08422184735536575,0.1872444897890091,0.20777581632137299,0.17126542329788208,0.19832934439182281,0.17796443402767181,0.24868835508823395,0.21588389575481415,0.6394791007041931,0.21129560470581055,0.5949748158454895,0.22784797847270966,0.7345407009124756,0.24460934102535248,0.20165221393108368,0.14968277513980865,0.2604824900627136,0.20823818445205688,0.18510019779205322,0.15781928598880768,0.12951068580150604,0.14121350646018982,0.20997804403305054,0.2486431747674942,0.10745441168546677,0.1319217085838318,0.0,0.0,0.0,0.0,0.0,0.0,0.07860305160284042,0.12022465467453003,0.1154746487736702,0.1952567845582962,0.07995831221342087,0.15363509953022003,0.24415700137615204,0.148856982588768,0.2967136800289154,0.1978524923324585,0.23415274918079376,0.16119912266731262,9.32130241394043,1.3494715690612793,8.708375930786133,6.1403069496154785,0.8848262429237366,0.03351437672972679,0.30045533180236816,0.04947040602564812,0.6880481839179993,0.052276719361543655
4,2,7,2.184987029992044,1,4215782,0.2957409918308258,0.1635347604751587,0.3547806441783905,0.21586598455905914,0.2755334675312042,0.16764317452907562,0.1113012358546257,0.12470420449972153,0.14420877397060394,0.1734064668416977,0.10918587446212769,0.14529041945934296,0.14656728506088257,0.1446487009525299,0.1685246080160141,0.17391858994960785,0.14810870587825775,0.16128525137901306,0.23388254642486572,0.1572146713733673,0.2729296386241913,0.19067318737506866,0.22823642194271088,0.17113471031188965,0.04969140887260437,0.16065062582492828,0.07726673036813736,0.23385660350322723,0.042882040143013,0.15024451911449432,0.0,0.0,0.0,0.0,0.0,0.0,0.24814105033874512,0.11027000099420547,0.18263442814350128,0.0912032201886177,0.44480910897254944,0.20708376169204712,0.6973854899406433,0.17404904961585999,0.6771633625030518,0.19227969646453857,0.7486883997917175,0.19683346152305603,0.002813885919749737,0.031244555488228798,0.010416666977107525,0.1016615629196167,0.0017175100510939956,0.019833795726299286,0.1915271282196045,0.1726391315460205,0.3223477602005005,0.2888150215148926,0.1489865630865097,0.151952862739563,0.38523411750793457,0.13411645591259003,0.319103866815567,0.1309441477060318,0.5272946953773499,0.19309772551059723,0.12300843000411987,0.1172872930765152,0.19023680686950684,0.20103570818901062,0.1033773124217987,0.10916254669427872,0.1097688153386116,0.21900026500225067,0.2825520932674408,0.4501032531261444,0.07867812365293503,0.18177273869514465,0.14955605566501617,0.1721944808959961,0.2194124311208725,0.26151350140571594,0.12710951268672943,0.16252541542053223,0.670297384262085,0.20366142690181732,0.6034289002418518,0.21673059463500977,0.7969658374786377,0.22684884071350098,0.24300135672092438,0.13572707772254944,0.23060959577560425,0.1392107605934143,0.2901630401611328,0.18893659114837646,0.17346088588237762,0.12782984972000122,0.16674266755580902,0.15783783793449402,0.230724036693573,0.18571235239505768,0.0,0.0,0.0,0.0,0.0,0.0,0.1536470204591751,0.1628609448671341,0.2076343297958374,0.24141258001327515,0.1444946974515915,0.18388725817203522,0.32119491696357727,0.16335982084274292,0.3027322590351105,0.17728383839130402,0.3808344304561615,0.20273032784461975,8.979439735412598,1.326167345046997,8.656960487365723,6.158859729766846,0.8906158804893494,0.032561466097831726,0.3089803159236908,0.05243987217545509,0.6965860724449158,0.05470571666955948
5,2,7,2.169970449681083,1,4215782,0.2880534827709198,0.12204818427562714,0.21177440881729126,0.10693369805812836,0.5150541663169861,0.19072118401527405,0.11750432103872299,0.1337738186120987,0.1778336763381958,0.24033978581428528,0.10423791408538818,0.1288425475358963,0.11975083500146866,0.14280715584754944,0.22034545242786407,0.27431708574295044,0.0927644595503807,0.12252738326787949,0.2448045164346695,0.15467767417430878,0.2993905246257782,0.20966704189777374,0.23121140897274017,0.16245095431804657,0.032625582069158554,0.12788717448711395,0.06633184850215912,0.23440799117088318,0.02490389347076416,0.10447335243225098,0.0,0.0,0.0,0.0,0.0,0.0,0.21717415750026703,0.12709413468837738,0.21139049530029297,0.13514871895313263,0.24778421223163605,0.16110190749168396,0.7144275307655334,0.17594605684280396,0.7046429514884949,0.19530099630355835,0.7520213723182678,0.19919514656066895,0.03256966546177864,0.11299369484186172,0.08324652910232544,0.25785031914711,0.022161142900586128,0.08544551581144333,0.2544364035129547,0.17325547337532043,0.310806006193161,0.2282899171113968,0.2408410757780075,0.18760429322719574,0.38381195068359375,0.13197603821754456,0.3103797733783722,0.12550364434719086,0.5436756014823914,0.18879735469818115,0.12620790302753448,0.11700775474309921,0.1770392805337906,0.18352216482162476,0.11339882761240005,0.11692235618829727,0.11026537418365479,0.22242848575115204,0.2643229067325592,0.4363425672054291,0.08195454627275467,0.19247636198997498,0.17658114433288574,0.18422622978687286,0.23274417221546173,0.2567877769470215,0.1587097942829132,0.179580956697464,0.6137769818305969,0.19002506136894226,0.49194231629371643,0.19013169407844543,0.875847339630127,0.21116599440574646,0.2482731193304062,0.15896691381931305,0.30560848116874695,0.20137326419353485,0.22942836582660675,0.17159146070480347,0.16897369921207428,0.14554594457149506,0.19618457555770874,0.19155116379261017,0.18262605369091034,0.18101665377616882,0.0,0.0,0.0,0.0,0.0,0.0,0.1489923745393753,0.1735890656709671,0.1799962967634201,0.21208231151103973,0.1508633941411972,0.20547431707382202,0.2873069643974304,0.15745575726032257,0.29984050989151,0.1944597214460373,0.31855687499046326,0.19410429894924164,8.836701393127441,1.2143099308013916,8.929033279418945,6.449963569641113,0.8915396332740784,0.028992796316742897,0.3118167817592621,0.05266876518726349,0.7036013007164001,0.04804341122508049
6,2,7,2.1518430079643927,1,4215782,0.3088032901287079,0.13836713135242462,0.2719556987285614,0.14093446731567383,0.3951283395290375,0.18436263501644135,0.033589549362659454,0.07525940984487534,0.10975106805562973,0.25077271461486816,0.022095397114753723,0.054826103150844574,0.14292596280574799,0.15032611787319183,0.20668403804302216,0.23334822058677673,0.1240038201212883,0.14900356531143188,0.2808378040790558,0.13974161446094513,0.24704325199127197,0.14473654329776764,0.3633178174495697,0.1901504099369049,0.06633215397596359,0.17505194246768951,0.11228346079587936,0.28344833850860596,0.05260791257023811,0.14872236549854279,0.0,0.0,0.0,0.0,0.0,0.0,0.2319370061159134,0.1180996373295784,0.20425815880298615,0.12225457280874252,0.29781144857406616,0.15845496952533722,0.7298337817192078,0.16652855277061462,0.7197567820549011,0.18250977993011475,0.7639194130897522,0.1869121640920639,0.03575962409377098,0.11688683927059174,0.09144965559244156,0.27091097831726074,0.024793414399027824,0.08833327144384384,0.2978189289569855,0.15854455530643463,0.2927365303039551,0.1845923662185669,0.3502867519855499,0.20807892084121704,0.40341615676879883,0.1390160620212555,0.3699279725551605,0.15406063199043274,0.4752131998538971,0.17025026679039001,0.21628624200820923,0.11538355052471161,0.1616646647453308,0.09649837762117386,0.38105282187461853,0.19311276078224182,0.09939325600862503,0.21168529987335205,0.2552083432674408,0.43504923582077026,0.07165220379829407,0.17746101319789886,0.17311911284923553,0.1760198324918747,0.23768562078475952,0.2519858777523041,0.1530897319316864,0.1762065589427948,0.7306925654411316,0.20902392268180847,0.7248902916908264,0.23054325580596924,0.7674155235290527,0.23049087822437286,0.23393385112285614,0.153703510761261,0.30619049072265625,0.21491539478302002,0.21746979653835297,0.17504988610744476,0.14950287342071533,0.13778039813041687,0.19221185147762299,0.20254617929458618,0.1443386673927307,0.1447722315788269,0.0,0.0,0.0,0.0,0.0,0.0,0.11004766076803207,0.17728154361248016,0.1950049251317978,0.28578442335128784,0.08883187919855118,0.17198333144187927,0.298114538192749,0.16613993048667908,0.3175319731235504,0.19768628478050232,0.30962327122688293,0.18579548597335815,8.686232566833496,1.2744392156600952,8.837042808532715,6.011748790740967,0.8965256214141846,0.032024286687374115,0.3194607198238373,0.04890348017215729,0.7098936438560486,0.050131913274526596
8,2,7,2.113823749125004,1,4215782,0.33899566531181335,0.17019885778427124,0.37266406416893005,0.20686931908130646,0.33564865589141846,0.17887745797634125,0.0732722207903862,0.10941236466169357,0.13559798896312714,0.21546630561351776,0.05907762423157692,0.09739997982978821,0.09011470526456833,0.12617360055446625,0.21424168348312378,0.30520325899124146,0.06412524729967117,0.10850232094526291,0.2794022560119629,0.1355510801076889,0.25385400652885437,0.1500408798456192,0.35220763087272644,0.18388012051582336,0.07947084307670593,0.1957753449678421,0.11392848938703537,0.27333390712738037,0.07514306902885437,0.20050226151943207,0.00030637255986221135,0.006003651302307844,0.0026041667442768812,0.05103103816509247,0.00016276042151730508,0.0031894398853182793,0.25498712062835693,0.11456520855426788,0.19092470407485962,0.09751025587320328,0.44201722741127014,0.21420766413211823,0.7478830814361572,0.17909902334213257,0.7836006283760071,0.19354182481765747,0.7346911430358887,0.1961711347103119,0.041482921689748764,0.14234177768230438,0.08232060819864273,0.25797322392463684,0.030686819925904274,0.10970704257488251,0.15637685358524323,0.16282793879508972,0.32368654012680054,0.3131878674030304,0.11292079091072083,0.1345321089029312,0.41183289885520935,0.1327265053987503,0.31843507289886475,0.12066969275474548,0.628250002861023,0.18879975378513336,0.1677916795015335,0.12157543003559113,0.17842276394367218,0.1510266214609146,0.1898237019777298,0.1578398048877716,0.1090255156159401,0.21948914229869843,0.2747395932674408,0.4462345242500305,0.07824481278657913,0.18193146586418152,0.08628535270690918,0.1423877626657486,0.2213742733001709,0.33078059554100037,0.05870996415615082,0.11000650376081467,0.6945686936378479,0.20309028029441833,0.6142781972885132,0.2142743021249771,0.8389420509338379,0.22414569556713104,0.25289395451545715,0.140853613615036,0.29150769114494324,0.1850084662437439,0.2513461410999298,0.1627996414899826,0.17038780450820923,0.13059857487678528,0.18432818353176117,0.1796584278345108,0.1955633908510208,0.16149716079235077,0.0,0.0,0.0,0.0,0.0,0.0,0.18977640569210052,0.17054352164268494,0.20582324266433716,0.20587633550167084,0.21042460203170776,0.21334922313690186,0.32740649580955505,0.15907399356365204,0.3227429687976837,0.17733941972255707,0.3647637665271759,0.18481510877609253,8.360340118408203,1.2036716938018799,8.423308372497559,6.147088050842285,0.902259886264801,0.027526510879397392,0.3263544738292694,0.04734107851982117,0.7188348174095154,0.049541715532541275
10,2,7,2.0889923771222434,1,4215782,0.30989202857017517,0.16319036483764648,0.3926454782485962,0.2271864265203476,0.28066006302833557,0.1736479103565216,0.11706022173166275,0.133193701505661,0.1773560494184494,0.22235362231731415,0.10088766366243362,0.12300483137369156,0.15112389624118805,0.1572650671005249,0.23017434775829315,0.24795249104499817,0.12657378613948822,0.15319451689720154,0.30792731046676636,0.1512613594532013,0.30212464928627014,0.17189183831214905,0.35061800479888916,0.19438455998897552,0.05051575228571892,0.1718035191297531,0.08940351754426956,0.2770331799983978,0.03998222574591637,0.14557257294654846,0.00026041665114462376,0.0051031033508479595,0.0026041667442768812,0.05103103816509247,0.00013706140452995896,0.0026858439669013023,0.2641368508338928,0.11490412801504135,0.19794125854969025,0.09737090766429901,0.44062528014183044,0.1891484409570694,0.7760598063468933,0.16289134323596954,0.8071777820587158,0.18014083802700043,0.7723681330680847,0.18592751026153564,0.028528602793812752,0.1223202794790268,0.06241319701075554,0.23012684285640717,0.02133249305188656,0.10361171513795853,0.199724018573761,0.16640512645244598,0.32304254174232483,0.2727147340774536,0.17185765504837036,0.17571888864040375,0.4003865420818329,0.16289247572422028,0.4299493134021759,0.19195030629634857,0.39848852157592773,0.178469717502594,0.17636068165302277,0.12532316148281097,0.1824256181716919,0.14958083629608154,0.20333635807037354,0.1674516201019287,0.12220374494791031,0.21714648604393005,0.29296875,0.437613308429718,0.09037330001592636,0.18688522279262543,0.2197948843240738,0.18099233508110046,0.2636151611804962,0.24010352790355682,0.2147943377494812,0.1948232501745224,0.7669034600257874,0.20631176233291626,0.7196795344352722,0.22727522253990173,0.8523788452148438,0.21367713809013367,0.2764216363430023,0.12914669513702393,0.24941866099834442,0.13353992998600006,0.3490810692310333,0.18290984630584717,0.2101055234670639,0.12842001020908356,0.18459105491638184,0.14045538008213043,0.30207559466362,0.1993521749973297,0.0,0.0,0.0,0.0,0.0,0.0,0.18442420661449432,0.1802818775177002,0.2309689074754715,0.23800022900104523,0.1799841672182083,0.2064206898212433,0.3576579988002777,0.1522005945444107,0.3025253117084503,0.15330448746681213,0.48278042674064636,0.20425118505954742,8.137794494628906,1.0169035196304321,8.470355033874512,6.24422025680542,0.9065566062927246,0.02758174203336239,0.33404889702796936,0.04615900292992592,0.7286612391471863,0.04545596241950989
12,1,7,2.1468219086527824,2,4215782,0.28189125657081604,0.13262273371219635,0.24906523525714874,0.13939259946346283,0.36838269233703613,0.18150901794433594,0.035866204649209976,0.08521678298711777,0.10816216468811035,0.24948090314865112,0.025242650881409645,0.07610321789979935,0.17720670998096466,0.16075477004051208,0.23002630472183228,0.23617540299892426,0.16946740448474884,0.17156393826007843,0.2454344779253006,0.1579587161540985,0.3009317219257355,0.21361353993415833,0.22729448974132538,0.16254137456417084,0.1015210747718811,0.19394585490226746,0.09524744749069214,0.19470663368701935,0.1421308070421219,0.27607253193855286,0.0,0.0,0.0,0.0,0.0,0.0,0.2287195771932602,0.1248026043176651,0.2104048877954483,0.12494608759880066,0.274067223072052,0.15445610880851746,0.7406708598136902,0.17303389310836792,0.731240451335907,0.19495168328285217,0.7773035168647766,0.19230106472969055,0.008495294488966465,0.04724408686161041,0.0338541679084301,0.18108965456485748,0.004918531980365515,0.02760525979101658,0.10609016567468643,0.1537645310163498,0.2998751401901245,0.374836266040802,0.07430671900510788,0.12664692103862762,0.3943118751049042,0.14038237929344177,0.339051216840744,0.14569637179374695,0.5096917748451233,0.1874799281358719,0.19933046400547028,0.1165488064289093,0.17280323803424835,0.11698419600725174,0.2858571410179138,0.1859644651412964,0.10428056120872498,0.21845903992652893,0.25,0.43357762694358826,0.07537022978067398,0.18125684559345245,0.1398749053478241,0.15628306567668915,0.21920917928218842,0.2600037753582001,0.11101645231246948,0.1288532018661499,0.6299124360084534,0.20222418010234833,0.4968150556087494,0.20417220890522003,0.9291731715202332,0.20180939137935638,0.2729857861995697,0.1467689573764801,0.2837546765804291,0.17521056532859802,0.2941046953201294,0.17431189119815826,0.1819409877061844,0.15976470708847046,0.2697412669658661,0.26087528467178345,0.1580359786748886,0.15676259994506836,0.0028273810166865587,0.03225886449217796,0.0078125,0.08815726637840271,0.0017361111240461469,0.019896624609827995,0.18354995548725128,0.18536725640296936,0.21171636879444122,0.22942855954170227,0.19208431243896484,0.21912838518619537,0.326479971408844,0.15765318274497986,0.289570152759552,0.16462914645671844,0.4295872747898102,0.2216135412454605,8.62691593170166,1.1162737607955933,9.126723289489746,6.371192455291748,0.8987581133842468,0.027985671535134315,0.3184066712856293,0.047893986105918884,0.7121396064758301,0.04550939053297043
16,1,7,2.127549601097902,2,4215782,0.29676154255867004,0.12952470779418945,0.22837544977664948,0.12508797645568848,0.5014553070068359,0.20312249660491943,0.12723304331302643,0.11976591497659683,0.14654003083705902,0.1643563210964203,0.13694219291210175,0.14089655876159668,0.042547378689050674,0.09860027581453323,0.14999379217624664,0.30553099513053894,0.027247995138168335,0.07454316318035126,0.282009094953537,0.14514201879501343,0.2622013986110687,0.14992941915988922,0.3418130874633789,0.1983685940504074,0.042796552181243896,0.14910747110843658,0.07290548831224442,0.23494213819503784,0.03466678783297539,0.12954974174499512,0.011001649312675,0.04407653957605362,0.04739583656191826,0.1904079020023346,0.006448714062571526,0.02625357173383236,0.22781556844711304,0.12836827337741852,0.20334392786026,0.13094933331012726,0.2819972038269043,0.15683552622795105,0.7308743000030518,0.1668461561203003,0.7080207467079163,0.1829415261745453,0.7826635241508484,0.1883404552936554,0.060300376266241074,0.1818358153104782,0.09305555373430252,0.2564701735973358,0.05091582611203194,0.16758766770362854,0.11838832497596741,0.1417778730392456,0.34787270426750183,0.37044596672058105,0.07991750538349152,0.1095898225903511,0.414262056350708,0.13854055106639862,0.36225423216819763,0.1450776755809784,0.5196460485458374,0.1771184206008911,0.14800718426704407,0.11388148367404938,0.17358380556106567,0.13990932703018188,0.14937542378902435,0.1366715282201767,0.13464562594890594,0.235084667801857,0.3085937798023224,0.4410851001739502,0.10054240375757217,0.20327964425086975,0.1016468033194542,0.143234983086586,0.19556312263011932,0.28129342198371887,0.07371914386749268,0.10853763669729233,0.726834237575531,0.20671050250530243,0.6432804465293884,0.22102567553520203,0.8758055567741394,0.2141907513141632,0.22897398471832275,0.17420639097690582,0.44535312056541443,0.30725571513175964,0.17229409515857697,0.15959160029888153,0.17175960540771484,0.15906690061092377,0.2637467384338379,0.2676842212677002,0.14776529371738434,0.16014541685581207,0.0,0.0,0.0,0.0,0.0,0.0,0.1396241933107376,0.16971246898174286,0.17905302345752716,0.23105277121067047,0.14052706956863403,0.20330458879470825,0.36096081137657166,0.1513521820306778,0.2799842953681946,0.14909213781356812,0.5737614035606384,0.21623708307743073,8.479936599731445,1.2227314710617065,8.951298713684082,6.407099723815918,0.9020411372184753,0.027778776362538338,0.3208449184894562,0.05454067140817642,0.7178335785865784,0.04529643431305885
20,1,7,2.0562128437062106,2,4215782,0.35054251551628113,0.14346197247505188,0.3312009572982788,0.1529230773448944,0.4067724943161011,0.18107692897319794,0.07940667122602463,0.11447644978761673,0.14601899683475494,0.22323930263519287,0.06358708441257477,0.11144199222326279,0.09396512061357498,0.1370363086462021,0.20162849128246307,0.2890060842037201,0.06913567334413528,0.12128610908985138,0.2915014922618866,0.1494031548500061,0.2703589200973511,0.1477470099925995,0.3442753553390503,0.19056372344493866,0.08383428305387497,0.2201186865568161,0.11523693799972534,0.28957125544548035,0.07930601388216019,0.22292886674404144,0.012427744455635548,0.045590657740831375,0.05855034291744232,0.21130292117595673,0.007419791538268328,0.028750082477927208,0.26087406277656555,0.12158207595348358,0.20388197898864746,0.10687418282032013,0.39816391468048096,0.18600107729434967,0.7749287486076355,0.16330789029598236,0.7645990252494812,0.17774127423763275,0.806545078754425,0.1837952733039856,0.051637034863233566,0.15170598030090332,0.10435474663972855,0.2771081328392029,0.038121048361063004,0.12294468283653259,0.2898443937301636,0.17272785305976868,0.34716853499412537,0.22832831740379333,0.27479270100593567,0.18105283379554749,0.3996485471725464,0.14876502752304077,0.38736310601234436,0.1636078655719757,0.4363788068294525,0.16925464570522308,0.1734665185213089,0.12566599249839783,0.20223259925842285,0.16954022645950317,0.17824256420135498,0.155909925699234,0.11929645389318466,0.2272583246231079,0.2955729067325592,0.45330947637557983,0.08630477637052536,0.19038531184196472,0.1580524742603302,0.17604224383831024,0.23811262845993042,0.2735147774219513,0.12985558807849884,0.15778742730617523,0.7834537029266357,0.20219838619232178,0.7231113910675049,0.22294063866138458,0.8828313946723938,0.2064400315284729,0.263185054063797,0.13125908374786377,0.24996332824230194,0.1445918083190918,0.3259313106536865,0.19295476377010345,0.23788605630397797,0.15080298483371735,0.23436228930950165,0.1785127967596054,0.28369274735450745,0.19869285821914673,0.0,0.0,0.0,0.0,0.0,0.0,0.1711610108613968,0.18634556233882904,0.21713785827159882,0.24301685392856598,0.1650194674730301,0.21034537255764008,0.3546537160873413,0.14179520308971405,0.2892787456512451,0.13376784324645996,0.505774736404419,0.2092675268650055,7.888307571411133,1.0867806673049927,8.548081398010254,6.062856197357178,0.9115535616874695,0.026209905743598938,0.3449385166168213,0.04727477580308914,0.7341724038124084,0.045880578458309174
